case,step,temperature_c,water_before_equilibrium_kg,equilibrium_liquid_water_kg,ice_step_mol,ice_step_kg,cumulative_ice_mol,cumulative_ice_kg,ice_recovery_pct,liquid_water_fraction,concentration_factor,pH,ionic_strength_mol_kgw,water_activity,phreeqc_iterations,si_ice_pre,si_ice_post,si_mirabilite_pre,si_mirabilite_post,si_halite_pre,si_halite_post,si_hydrohalite_pre,si_hydrohalite_post,si_calcite_pre,si_calcite_post,si_gypsum_pre,si_gypsum_post,mirabilite_step_mol,halite_step_mol,hydrohalite_step_mol,calcite_step_mol,gypsum_step_mol,mirabilite_cumulative_mol,halite_cumulative_mol,hydrohalite_cumulative_mol,calcite_cumulative_mol,gypsum_cumulative_mol,so4_recovery_as_mirabilite_pct,na_recovery_as_nacl_phases_pct,cl_recovery_as_nacl_phases_pct,na_recovery_as_hydrohalite_pct,cl_recovery_as_hydrohalite_pct,q_sensible_step_kj,q_latent_step_kj,q_sensible_cumulative_kj,q_latent_cumulative_kj,q_total_cooling_kj,electrical_energy_kwh,sec_kwh_m3_recovered_ice_equivalent,max_component_balance_error_pct,water_balance_error_pct,Na_mol,Na_mol_kgw,Na_normalized,Na_balance_error_pct,K_mol,K_mol_kgw,K_normalized,K_balance_error_pct,Mg_mol,Mg_mol_kgw,Mg_normalized,Mg_balance_error_pct,Ca_mol,Ca_mol_kgw,Ca_normalized,Ca_balance_error_pct,Cl_mol,Cl_mol_kgw,Cl_normalized,Cl_balance_error_pct,S6_mol,S6_mol_kgw,S6_normalized,S6_balance_error_pct,C4_mol,C4_mol_kgw,C4_normalized,C4_balance_error_pct
C3,0,25.0,1.0,1.0,0.0,0.0,0.0,0.0,0.0,1.0,1.0,6.9723,1.4552,0.9618,6.0,-0.11894,-0.11894,-1.8057,-1.8051,-1.9119,-1.9119,-1.893,-1.8929,0.69222,0.0,-0.18088,-0.187,0.0,0.0,0.0,0.00037884,0.0,0.0,0.0,0.0,0.00037884,0.0,0.0,0.0,0.0,0.0,0.0,0.0,0.0,0.0,0.0,0.0,0.0,,0.0009262260918035894,0.0,0.93905,0.93905,1.0,0.0,0.021619,0.021619,1.0,0.0,0.11633,0.11633,1.0,0.0,0.024086,0.024086,0.9845084815041896,-0.0006539955037912088,1.1459,1.1459,1.0,0.0,0.059658,0.059658,1.0,0.0,0.0039398,0.0039397,0.9122632334552865,0.0009262260918035894
C3,1,24.0,1.0,1.0,0.0,0.0,0.0,0.0,0.0,1.0,1.0,6.9723,1.4552,0.96182,1.0,-0.11495,-0.11495,-1.7575,-1.7575,-1.9102,-1.9102,-1.8862,-1.8862,-0.013699,-0.013699,-0.18799,-0.18799,0.0,0.0,0.0,0.0,0.0,0.0,0.0,0.0,0.00037884,0.0,0.0,0.0,0.0,0.0,0.0,4.076715333304402,0.0,4.076715333304402,0.0,4.076715333304402,0.00037747364197262986,,0.0009262260918035894,0.0,0.93905,0.93905,1.0,0.0,0.021619,0.021619,1.0,0.0,0.11633,0.11633,1.0,0.0,0.024086,0.024086,0.9845084815041896,-0.0006539955037912088,1.1459,1.1459,1.0,0.0,0.059658,0.059658,1.0,0.0,0.0039398,0.0039398,0.9122863891075813,0.0009262260918035894
C3,2,23.0,1.0,1.0,0.0,0.0,0.0,0.0,0.0,1.0,1.0,6.9723,1.4552,0.96184,1.0,-0.11095,-0.11095,-1.7098,-1.7098,-1.9086,-1.9086,-1.8792,-1.8792,-0.027557,-0.027557,-0.18882,-0.18882,0.0,0.0,0.0,0.0,0.0,0.0,0.0,0.0,0.00037884,0.0,0.0,0.0,0.0,0.0,0.0,4.076715333304402,0.0,8.153430666608804,0.0,8.153430666608804,0.0007549472839452597,,0.0009262260918035894,0.0,0.93905,0.93905,1.0,0.0,0.021619,0.021619,1.0,0.0,0.11633,0.11633,1.0,0.0,0.024086,0.024086,0.9845084815041896,-0.0006539955037912088,1.1459,1.1459,1.0,0.0,0.059658,0.059658,1.0,0.0,0.0039398,0.0039398,0.9122863891075813,0.0009262260918035894
C3,3,22.0,1.0,1.0,0.0,0.0,0.0,0.0,0.0,1.0,1.0,6.9723,1.4552,0.96187,1.0,-0.10694,-0.10694,-1.662,-1.662,-1.907,-1.907,-1.872,-1.872,-0.041571,-0.041571,-0.18951,-0.18951,0.0,0.0,0.0,0.0,0.0,0.0,0.0,0.0,0.00037884,0.0,0.0,0.0,0.0,0.0,0.0,4.076715333304402,0.0,12.230145999913205,0.0,12.230145999913205,0.0011324209259178893,,0.0009262260918035894,0.0,0.93905,0.93905,1.0,0.0,0.021619,0.021619,1.0,0.0,0.11633,0.11633,1.0,0.0,0.024086,0.024086,0.9845084815041896,-0.0006539955037912088,1.1459,1.1459,1.0,0.0,0.059658,0.059658,1.0,0.0,0.0039398,0.0039398,0.9122863891075813,0.0009262260918035894
C3,4,21.0,1.0,1.0,0.0,0.0,0.0,0.0,0.0,1.0,1.0,6.9723,1.4552,0.96189,1.0,-0.10292,-0.10292,-1.6142,-1.6142,-1.9053,-1.9053,-1.8646,-1.8646,-0.055742,-0.055742,-0.19003,-0.19003,0.0,0.0,0.0,0.0,0.0,0.0,0.0,0.0,0.00037884,0.0,0.0,0.0,0.0,0.0,0.0,4.076715333304402,0.0,16.306861333217608,0.0,16.306861333217608,0.0015098945678905195,,0.0009262260918035894,0.0,0.93905,0.93905,1.0,0.0,0.021619,0.021619,1.0,0.0,0.11633,0.11633,1.0,0.0,0.024086,0.024086,0.9845084815041896,-0.0006539955037912088,1.1459,1.1459,1.0,0.0,0.059658,0.059658,1.0,0.0,0.0039398,0.0039398,0.9122863891075813,0.0009262260918035894
C3,5,20.0,1.0,1.0,0.0,0.0,0.0,0.0,0.0,1.0,1.0,6.9723,1.4552,0.96192,1.0,-0.098894,-0.098894,-1.5664,-1.5664,-1.9036,-1.9036,-1.857,-1.857,-0.070073,-0.070073,-0.19039,-0.19039,0.0,0.0,0.0,0.0,0.0,0.0,0.0,0.0,0.00037884,0.0,0.0,0.0,0.0,0.0,0.0,4.076715333304402,0.0,20.38357666652201,0.0,20.38357666652201,0.0018873682098631492,,0.0009262260918035894,0.0,0.93905,0.93905,1.0,0.0,0.021619,0.021619,1.0,0.0,0.11633,0.11633,1.0,0.0,0.024086,0.024086,0.9845084815041896,-0.0006539955037912088,1.1459,1.1459,1.0,0.0,0.059658,0.059658,1.0,0.0,0.0039398,0.0039398,0.9122863891075813,0.0009262260918035894
C3,6,19.0,1.0,1.0,0.0,0.0,0.0,0.0,0.0,1.0,1.0,6.9723,1.4552,0.96195,1.0,-0.094858,-0.094858,-1.5185,-1.5185,-1.902,-1.902,-1.8491,-1.8491,-0.084564,-0.084564,-0.19057,-0.19057,0.0,0.0,0.0,0.0,0.0,0.0,0.0,0.0,0.00037884,0.0,0.0,0.0,0.0,0.0,0.0,4.076715333304402,0.0,24.460291999826413,0.0,24.460291999826413,0.002264841851835779,,0.0009262260918035894,0.0,0.93905,0.93905,1.0,0.0,0.021619,0.021619,1.0,0.0,0.11633,0.11633,1.0,0.0,0.024086,0.024086,0.9845084815041896,-0.0006539955037912088,1.1459,1.1459,1.0,0.0,0.059658,0.059658,1.0,0.0,0.0039398,0.0039398,0.9122863891075813,0.0009262260918035894
C3,7,18.0,1.0,1.0,0.0,0.0,0.0,0.0,0.0,1.0,1.0,6.9723,1.4552,0.96197,1.0,-0.090814,-0.090814,-1.4706,-1.4706,-1.9003,-1.9003,-1.841,-1.841,-0.099217,-0.099217,-0.19058,-0.19058,0.0,0.0,0.0,0.0,0.0,0.0,0.0,0.0,0.00037884,0.0,0.0,0.0,0.0,0.0,0.0,4.076715333304402,0.0,28.537007333130816,0.0,28.537007333130816,0.0026423154938084088,,0.0009262260918035894,0.0,0.93905,0.93905,1.0,0.0,0.021619,0.021619,1.0,0.0,0.11633,0.11633,1.0,0.0,0.024086,0.024086,0.9845084815041896,-0.0006539955037912088,1.1459,1.1459,1.0,0.0,0.059658,0.059658,1.0,0.0,0.0039398,0.0039398,0.9122863891075813,0.0009262260918035894
C3,8,17.0,1.0,1.0,0.0,0.0,0.0,0.0,0.0,1.0,1.0,6.9723,1.4552,0.962,1.0,-0.08676,-0.08676,-1.4226,-1.4226,-1.8985,-1.8985,-1.8327,-1.8327,-0.11403,-0.11403,-0.19039,-0.19039,0.0,0.0,0.0,0.0,0.0,0.0,0.0,0.0,0.00037884,0.0,0.0,0.0,0.0,0.0,0.0,4.076715333304402,0.0,32.613722666435216,0.0,32.613722666435216,0.003019789135781039,,0.0009262260918035894,0.0,0.93905,0.93905,1.0,0.0,0.021619,0.021619,1.0,0.0,0.11633,0.11633,1.0,0.0,0.024086,0.024086,0.9845084815041896,-0.0006539955037912088,1.1459,1.1459,1.0,0.0,0.059658,0.059658,1.0,0.0,0.0039398,0.0039398,0.9122863891075813,0.0009262260918035894
C3,9,16.0,1.0,1.0,0.0,0.0,0.0,0.0,0.0,1.0,1.0,6.9723,1.4552,0.96204,1.0,-0.082698,-0.082698,-1.3746,-1.3746,-1.8968,-1.8968,-1.8241,-1.8241,-0.12901,-0.12901,-0.19002,-0.19002,0.0,0.0,0.0,0.0,0.0,0.0,0.0,0.0,0.00037884,0.0,0.0,0.0,0.0,0.0,0.0,4.076715333304402,0.0,36.690437999739615,0.0,36.690437999739615,0.003397262777753668,,0.0009262260918035894,0.0,0.93905,0.93905,1.0,0.0,0.021619,0.021619,1.0,0.0,0.11633,0.11633,1.0,0.0,0.024086,0.024086,0.9845084815041896,-0.0006539955037912088,1.1459,1.1459,1.0,0.0,0.059658,0.059658,1.0,0.0,0.0039398,0.0039398,0.9122863891075813,0.0009262260918035894
C3,10,15.0,1.0,1.0,0.0,0.0,0.0,0.0,0.0,1.0,1.0,6.9723,1.4552,0.96207,1.0,-0.078626,-0.078626,-1.3266,-1.3266,-1.8951,-1.8951,-1.8153,-1.8153,-0.14416,-0.14416,-0.18944,-0.18944,0.0,0.0,0.0,0.0,0.0,0.0,0.0,0.0,0.00037884,0.0,0.0,0.0,0.0,0.0,0.0,4.076715333304402,0.0,40.767153333044014,0.0,40.767153333044014,0.003774736419726298,,0.0009262260918035894,0.0,0.93905,0.93905,1.0,0.0,0.021619,0.021619,1.0,0.0,0.11633,0.11633,1.0,0.0,0.024086,0.024086,0.9845084815041896,-0.0006539955037912088,1.1459,1.1459,1.0,0.0,0.059658,0.059658,1.0,0.0,0.0039398,0.0039398,0.9122863891075813,0.0009262260918035894
C3,11,14.0,1.0,1.0,0.0,0.0,0.0,0.0,0.0,1.0,1.0,6.9723,1.4552,0.9621,1.0,-0.074546,-0.074546,-1.2785,-1.2785,-1.8933,-1.8933,-1.8063,-1.8063,-0.15948,-0.15948,-0.18865,-0.18865,0.0,0.0,0.0,0.0,0.0,0.0,0.0,0.0,0.00037884,0.0,0.0,0.0,0.0,0.0,0.0,4.076715333304402,0.0,44.84386866634841,0.0,44.84386866634841,0.004152210061698927,,0.0009262260918035894,0.0,0.93905,0.93905,1.0,0.0,0.021619,0.021619,1.0,0.0,0.11633,0.11633,1.0,0.0,0.024086,0.024086,0.9845084815041896,-0.0006539955037912088,1.1459,1.1459,1.0,0.0,0.059658,0.059658,1.0,0.0,0.0039398,0.0039398,0.9122863891075813,0.0009262260918035894
C3,12,13.0,1.0,1.0,0.0,0.0,0.0,0.0,0.0,1.0,1.0,6.9723,1.4552,0.96214,1.0,-0.070456,-0.070456,-1.2303,-1.2303,-1.8915,-1.8915,-1.7971,-1.7971,-0.17497,-0.17497,-0.18765,-0.18765,0.0,0.0,0.0,0.0,0.0,0.0,0.0,0.0,0.00037884,0.0,0.0,0.0,0.0,0.0,0.0,4.076715333304402,0.0,48.92058399965281,0.0,48.92058399965281,0.004529683703671557,,0.0009262260918035894,0.0,0.93905,0.93905,1.0,0.0,0.021619,0.021619,1.0,0.0,0.11633,0.11633,1.0,0.0,0.024086,0.024086,0.9845084815041896,-0.0006539955037912088,1.1459,1.1459,1.0,0.0,0.059658,0.059658,1.0,0.0,0.0039398,0.0039398,0.9122863891075813,0.0009262260918035894
C3,13,12.0,1.0,1.0,0.0,0.0,0.0,0.0,0.0,1.0,1.0,6.9723,1.4552,0.96217,1.0,-0.066358,-0.066358,-1.1821,-1.1821,-1.8897,-1.8897,-1.7877,-1.7877,-0.19063,-0.19063,-0.18643,-0.18643,0.0,0.0,0.0,0.0,0.0,0.0,0.0,0.0,0.00037884,0.0,0.0,0.0,0.0,0.0,0.0,4.076715333304402,0.0,52.99729933295721,0.0,52.99729933295721,0.0049071573456441865,,0.0009262260918035894,0.0,0.93905,0.93905,1.0,0.0,0.021619,0.021619,1.0,0.0,0.11633,0.11633,1.0,0.0,0.024086,0.024086,0.9845084815041896,-0.0006539955037912088,1.1459,1.1459,1.0,0.0,0.059658,0.059658,1.0,0.0,0.0039398,0.0039398,0.9122863891075813,0.0009262260918035894
C3,14,11.0,1.0,1.0,0.0,0.0,0.0,0.0,0.0,1.0,1.0,6.9723,1.4552,0.96221,1.0,-0.062251,-0.062251,-1.1339,-1.1339,-1.8879,-1.8879,-1.778,-1.778,-0.20646,-0.20646,-0.18498,-0.18498,0.0,0.0,0.0,0.0,0.0,0.0,0.0,0.0,0.00037884,0.0,0.0,0.0,0.0,0.0,0.0,4.076715333304402,0.0,57.07401466626161,0.0,57.07401466626161,0.005284630987616816,,0.0009262260918035894,0.0,0.93905,0.93905,1.0,0.0,0.021619,0.021619,1.0,0.0,0.11633,0.11633,1.0,0.0,0.024086,0.024086,0.9845084815041896,-0.0006539955037912088,1.1459,1.1459,1.0,0.0,0.059658,0.059658,1.0,0.0,0.0039398,0.0039398,0.9122863891075813,0.0009262260918035894
C3,15,10.0,1.0,1.0,0.0,0.0,0.0,0.0,0.0,1.0,1.0,6.9723,1.4552,0.96225,1.0,-0.058135,-0.058135,-1.0857,-1.0857,-1.8861,-1.8861,-1.7681,-1.7681,-0.22248,-0.22248,-0.18329,-0.18329,0.0,0.0,0.0,0.0,0.0,0.0,0.0,0.0,0.00037884,0.0,0.0,0.0,0.0,0.0,0.0,4.076715333304402,0.0,61.15072999956601,0.0,61.15072999956601,0.005662104629589445,,0.0009262260918035894,0.0,0.93905,0.93905,1.0,0.0,0.021619,0.021619,1.0,0.0,0.11633,0.11633,1.0,0.0,0.024086,0.024086,0.9845084815041896,-0.0006539955037912088,1.1459,1.1459,1.0,0.0,0.059658,0.059658,1.0,0.0,0.0039398,0.0039398,0.9122863891075813,0.0009262260918035894
C3,16,9.0,1.0,1.0,0.0,0.0,0.0,0.0,0.0,1.0,1.0,6.9723,1.4552,0.96229,1.0,-0.05401,-0.05401,-1.0374,-1.0374,-1.8842,-1.8842,-1.758,-1.758,-0.23867,-0.23867,-0.18137,-0.18137,0.0,0.0,0.0,0.0,0.0,0.0,0.0,0.0,0.00037884,0.0,0.0,0.0,0.0,0.0,0.0,4.076715333304402,0.0,65.22744533287042,0.0,65.22744533287042,0.006039578271562075,,0.0009262260918035894,0.0,0.93905,0.93905,1.0,0.0,0.021619,0.021619,1.0,0.0,0.11633,0.11633,1.0,0.0,0.024086,0.024086,0.9845084815041896,-0.0006539955037912088,1.1459,1.1459,1.0,0.0,0.059658,0.059658,1.0,0.0,0.0039398,0.0039398,0.9122863891075813,0.0009262260918035894
C3,17,8.0,1.0,1.0,0.0,0.0,0.0,0.0,0.0,1.0,1.0,6.9723,1.4552,0.96233,1.0,-0.049876,-0.049876,-0.98905,-0.98905,-1.8824,-1.8824,-1.7477,-1.7477,-0.25505,-0.25505,-0.17919,-0.17919,0.0,0.0,0.0,0.0,0.0,0.0,0.0,0.0,0.00037884,0.0,0.0,0.0,0.0,0.0,0.0,4.076715333304402,0.0,69.30416066617482,0.0,69.30416066617482,0.006417051913534706,,0.0009262260918035894,0.0,0.93905,0.93905,1.0,0.0,0.021619,0.021619,1.0,0.0,0.11633,0.11633,1.0,0.0,0.024086,0.024086,0.9845084815041896,-0.0006539955037912088,1.1459,1.1459,1.0,0.0,0.059658,0.059658,1.0,0.0,0.0039398,0.0039398,0.9122863891075813,0.0009262260918035894
C3,18,7.0,1.0,1.0,0.0,0.0,0.0,0.0,0.0,1.0,1.0,6.9723,1.4552,0.96237,1.0,-0.045734,-0.045734,-0.94068,-0.94068,-1.8805,-1.8805,-1.7372,-1.7372,-0.27162,-0.27162,-0.17676,-0.17676,0.0,0.0,0.0,0.0,0.0,0.0,0.0,0.0,0.00037884,0.0,0.0,0.0,0.0,0.0,0.0,4.076715333304402,0.0,73.38087599947923,0.0,73.38087599947923,0.006794525555507336,,0.0009262260918035894,0.0,0.93905,0.93905,1.0,0.0,0.021619,0.021619,1.0,0.0,0.11633,0.11633,1.0,0.0,0.024086,0.024086,0.9845084815041896,-0.0006539955037912088,1.1459,1.1459,1.0,0.0,0.059658,0.059658,1.0,0.0,0.0039398,0.0039398,0.9122863891075813,0.0009262260918035894
C3,19,6.0,1.0,1.0,0.0,0.0,0.0,0.0,0.0,1.0,1.0,6.9723,1.4552,0.96241,1.0,-0.041584,-0.041584,-0.89229,-0.89229,-1.8786,-1.8786,-1.7264,-1.7264,-0.28837,-0.28837,-0.17407,-0.17407,0.0,0.0,0.0,0.0,0.0,0.0,0.0,0.0,0.00037884,0.0,0.0,0.0,0.0,0.0,0.0,4.076715333304402,0.0,77.45759133278364,0.0,77.45759133278364,0.007171999197479966,,0.0009262260918035894,0.0,0.93905,0.93905,1.0,0.0,0.021619,0.021619,1.0,0.0,0.11633,0.11633,1.0,0.0,0.024086,0.024086,0.9845084815041896,-0.0006539955037912088,1.1459,1.1459,1.0,0.0,0.059658,0.059658,1.0,0.0,0.0039398,0.0039398,0.9122863891075813,0.0009262260918035894
C3,20,5.0,1.0,1.0,0.0,0.0,0.0,0.0,0.0,1.0,1.0,6.9723,1.4552,0.96246,1.0,-0.037425,-0.037425,-0.84386,-0.84386,-1.8767,-1.8767,-1.7155,-1.7155,-0.30533,-0.30533,-0.17112,-0.17112,0.0,0.0,0.0,0.0,0.0,0.0,0.0,0.0,0.00037884,0.0,0.0,0.0,0.0,0.0,0.0,4.076715333304402,0.0,81.53430666608804,0.0,81.53430666608804,0.007549472839452597,,0.0009262260918035894,0.0,0.93905,0.93905,1.0,0.0,0.021619,0.021619,1.0,0.0,0.11633,0.11633,1.0,0.0,0.024086,0.024086,0.9845084815041896,-0.0006539955037912088,1.1459,1.1459,1.0,0.0,0.059658,0.059658,1.0,0.0,0.0039398,0.0039398,0.9122863891075813,0.0009262260918035894
C3,21,4.0,1.0,1.0,0.0,0.0,0.0,0.0,0.0,1.0,1.0,6.9723,1.4552,0.96251,1.0,-0.033258,-0.033258,-0.7954,-0.7954,-1.8747,-1.8747,-1.7044,-1.7044,-0.32248,-0.32248,-0.16788,-0.16788,0.0,0.0,0.0,0.0,0.0,0.0,0.0,0.0,0.00037884,0.0,0.0,0.0,0.0,0.0,0.0,4.076715333304402,0.0,85.61102199939245,0.0,85.61102199939245,0.007926946481425227,,0.0009262260918035894,0.0,0.93905,0.93905,1.0,0.0,0.021619,0.021619,1.0,0.0,0.11633,0.11633,1.0,0.0,0.024086,0.024086,0.9845084815041896,-0.0006539955037912088,1.1459,1.1459,1.0,0.0,0.059658,0.059658,1.0,0.0,0.0039398,0.0039398,0.9122863891075813,0.0009262260918035894
C3,22,3.0,1.0,1.0,0.0,0.0,0.0,0.0,0.0,1.0,1.0,6.9723,1.4551,0.96255,1.0,-0.029083,-0.029083,-0.74692,-0.74692,-1.8727,-1.8727,-1.693,-1.693,-0.33984,-0.33984,-0.16437,-0.16437,0.0,0.0,0.0,0.0,0.0,0.0,0.0,0.0,0.00037884,0.0,0.0,0.0,0.0,0.0,0.0,4.076715333304402,0.0,89.68773733269686,0.0,89.68773733269686,0.008304420123397856,,0.0009262260918035894,0.0,0.93905,0.93905,1.0,0.0,0.021619,0.021619,1.0,0.0,0.11633,0.11633,1.0,0.0,0.024086,0.024086,0.9845084815041896,-0.0006539955037912088,1.1459,1.1459,1.0,0.0,0.059658,0.059658,1.0,0.0,0.0039398,0.0039398,0.9122863891075813,0.0009262260918035894
C3,23,2.0,1.0,1.0,0.0,0.0,0.0,0.0,0.0,1.0,1.0,6.9723,1.4551,0.9626,1.0,-0.0249,-0.0249,-0.6984,-0.6984,-1.8707,-1.8707,-1.6815,-1.6815,-0.35741,-0.35741,-0.16057,-0.16057,0.0,0.0,0.0,0.0,0.0,0.0,0.0,0.0,0.00037884,0.0,0.0,0.0,0.0,0.0,0.0,4.076715333304402,0.0,93.76445266600126,0.0,93.76445266600126,0.008681893765370487,,0.0009262260918035894,0.0,0.93905,0.93905,1.0,0.0,0.021619,0.021619,1.0,0.0,0.11633,0.11633,1.0,0.0,0.024086,0.024086,0.9845084815041896,-0.0006539955037912088,1.1459,1.1459,1.0,0.0,0.059658,0.059658,1.0,0.0,0.0039398,0.0039398,0.9122863891075813,0.0009262260918035894
C3,24,1.0,1.0,1.0,0.0,0.0,0.0,0.0,0.0,1.0,1.0,6.9723,1.4551,0.96266,1.0,-0.02071,-0.02071,-0.64986,-0.64986,-1.8687,-1.8687,-1.6698,-1.6698,-0.37519,-0.37519,-0.15647,-0.15647,0.0,0.0,0.0,0.0,0.0,0.0,0.0,0.0,0.00037884,0.0,0.0,0.0,0.0,0.0,0.0,4.076715333304402,0.0,97.84116799930567,0.0,97.84116799930567,0.009059367407343118,,0.0009262260918035894,0.0,0.93905,0.93905,1.0,0.0,0.021619,0.021619,1.0,0.0,0.11633,0.11633,1.0,0.0,0.024086,0.024086,0.9845084815041896,-0.0006539955037912088,1.1459,1.1459,1.0,0.0,0.059658,0.059658,1.0,0.0,0.0039398,0.0039398,0.9122863891075813,0.0009262260918035894
C3,25,0.0,1.0,1.0,0.0,0.0,0.0,0.0,0.0,1.0,1.0,6.9723,1.4551,0.96271,1.0,-0.016512,-0.016512,-0.6013,-0.6013,-1.8666,-1.8666,-1.6579,-1.6579,-0.3932,-0.3932,-0.15208,-0.15208,0.0,0.0,0.0,0.0,0.0,0.0,0.0,0.0,0.00037884,0.0,0.0,0.0,0.0,0.0,0.0,4.076715333304402,0.0,101.91788333261007,0.0,101.91788333261007,0.009436841049315747,,0.0009262260918035894,0.0,0.93905,0.93905,1.0,0.0,0.021619,0.021619,1.0,0.0,0.11633,0.11633,1.0,0.0,0.024086,0.024086,0.9845084815041896,-0.0006539955037912088,1.1459,1.1459,1.0,0.0,0.059658,0.059658,1.0,0.0,0.0039398,0.0039398,0.9122863891075813,0.0009262260918035894
C3,26,-1.0,1.0,1.0,0.0,0.0,0.0,0.0,0.0,1.0,1.0,6.9723,1.4551,0.96276,1.0,-0.012306,-0.012306,-0.55272,-0.55272,-1.8645,-1.8645,-1.6459,-1.6459,-0.41144,-0.41144,-0.14737,-0.14737,0.0,0.0,0.0,0.0,0.0,0.0,0.0,0.0,0.00037884,0.0,0.0,0.0,0.0,0.0,0.0,4.076715333304402,0.0,105.99459866591448,0.0,105.99459866591448,0.009814314691288378,,0.0009262260918035894,0.0,0.93905,0.93905,1.0,0.0,0.021619,0.021619,1.0,0.0,0.11633,0.11633,1.0,0.0,0.024086,0.024086,0.9845084815041896,-0.0006539955037912088,1.1459,1.1459,1.0,0.0,0.059658,0.059658,1.0,0.0,0.0039398,0.0039398,0.9122863891075813,0.0009262260918035894
C3,27,-2.0,1.0,1.0,0.0,0.0,0.0,0.0,0.0,1.0,1.0,6.9723,1.4551,0.96282,1.0,-0.0080934,-0.0080934,-0.50411,-0.50411,-1.8624,-1.8624,-1.6336,-1.6336,-0.42991,-0.42991,-0.14236,-0.14236,0.0,0.0,0.0,0.0,0.0,0.0,0.0,0.0,0.00037884,0.0,0.0,0.0,0.0,0.0,0.0,4.076715333304402,0.0,110.07131399921889,0.0,110.07131399921889,0.010191788333261008,,0.0009262260918035894,0.0,0.93905,0.93905,1.0,0.0,0.021619,0.021619,1.0,0.0,0.11633,0.11633,1.0,0.0,0.024086,0.024086,0.9845084815041896,-0.0006539955037912088,1.1459,1.1459,1.0,0.0,0.059658,0.059658,1.0,0.0,0.0039398,0.0039398,0.9122863891075813,0.0009262260918035894
C3,28,-3.0,1.0,1.0,0.0,0.0,0.0,0.0,0.0,1.0,1.0,6.9723,1.4551,0.96287,1.0,-0.0038738,-0.0038738,-0.45548,-0.45548,-1.8602,-1.8602,-1.6212,-1.6212,-0.44864,-0.44864,-0.13702,-0.13702,0.0,0.0,0.0,0.0,0.0,0.0,0.0,0.0,0.00037884,0.0,0.0,0.0,0.0,0.0,0.0,4.076715333304402,0.0,114.1480293325233,0.0,114.1480293325233,0.010569261975233639,,0.0009262260918035894,0.0,0.93905,0.93905,1.0,0.0,0.021619,0.021619,1.0,0.0,0.11633,0.11633,1.0,0.0,0.024086,0.024086,0.9845084815041896,-0.0006539955037912088,1.1459,1.1459,1.0,0.0,0.059658,0.059658,1.0,0.0,0.0039398,0.0039398,0.9122863891075813,0.0009262260918035894
C3,29,-4.0,1.0,0.98018,1.1004,0.019824014112000004,1.1004,0.019824014112000004,1.9824014112000004,0.98018,1.0202207757758779,6.9694,1.4845,0.96215,1420.0,0.00035245,0.0,-0.40684,-0.39318,-1.858,-1.841,-1.6087,-1.5925,-0.46762,-0.45444,-0.13135,-0.1219,0.0,0.0,0.0,0.0,0.0,0.0,0.0,0.0,0.00037884,0.0,0.0,0.0,0.0,0.0,0.0,4.076715333304402,6.612299907057602,118.2247446658277,6.612299907057602,124.8370445728853,0.01155898560860049,583.0799727691643,0.0009262260918035894,0.0004014112000003114,0.93905,0.95804,1.020222565358607,0.0,0.021619,0.022056,1.0202137009112355,0.0,0.11633,0.11868,1.0202011518954697,0.0,0.024086,0.024573,1.0044144696505213,-0.0006539955037912088,1.1459,1.1691,1.020246094772668,0.0,0.059658,0.060865,1.0202319890039895,0.0,0.0039398,0.0040195,0.9307414439864771,0.0009262260918035894
C3,30,-5.0,0.98018,0.79473,10.294,0.18544929232000001,11.394400000000001,0.20527330643200004,20.527330643200003,0.79473,1.2582889786468359,6.9412,1.8309,0.95288,1417.0,0.0042336,0.0,-0.34461,-0.20701,-1.8388,-1.6586,-1.5798,-1.4081,-0.47375,-0.32818,-0.11595,-0.013871,0.0,0.0,0.0,0.0,0.0,0.0,0.0,0.0,0.00037884,0.0,0.0,0.0,0.0,0.0,0.0,4.001399333304402,61.85661145333601,122.2261439991321,68.4689113603936,190.69505535952572,0.017656949570326454,86.01678356155671,0.0009262260918035894,0.0003306432000180077,0.93905,1.1816,1.258292955646664,0.0,0.021619,0.027203,1.258291317822286,0.0,0.11633,0.14638,1.2583168572165393,0.0,0.024086,0.030307,1.2387901083180053,-0.0006539955037912088,1.1459,1.4419,1.2583122436512786,0.0,0.059658,0.075067,1.2582889134734654,0.0,0.0039398,0.0049574,1.1479183068587042,0.0009262260918035894
C3,31,-6.0,0.79473,0.6709,6.8674,0.12371813387200001,18.2618,0.32899144030400007,32.89914403040001,0.6709,1.4905351021016544,6.9188,2.1494,0.94369,1410.0,0.0042502,0.0,-0.1594,-0.074129,-1.6568,-1.5058,-1.3957,-1.2532,-0.34789,-0.28061,-0.0080837,0.0,0.0,0.0,0.0,0.0,0.0032686,0.0,0.0,0.0,0.00037884,0.0032686,0.0,0.0,0.0,0.0,0.0,3.296689333304402,41.266183553005604,125.5228333324365,109.73509491339921,235.25792824583573,0.02178314150424405,66.21187920304442,0.002288984263247959,0.0009209792416064905,0.93905,1.3997,1.4905489590543632,0.0,0.021619,0.032224,1.4905407280632779,0.0,0.11633,0.1734,1.490587122840196,0.0,0.020817,0.031029,1.268301655426119,-0.002288984263247959,1.1459,1.708,1.4905314599877826,0.0,0.056389,0.084051,1.4088806195313286,-0.0006704884508324524,0.0039398,0.0058724,1.3597925253554393,0.0009262260918035894
C3,32,-7.0,0.6709,0.58095,4.9385,0.08896846028000001,23.200300000000002,0.41795990058400007,41.79599005840001,0.58095,1.7213185299939755,6.8983,2.4426,0.93457,1412.0,0.0042676,0.0,-0.027325,0.0,-1.5043,-1.3748,-1.241,-1.1201,-0.3009,-0.22101,0.0057393,0.0,0.0050415,0.0,0.0,0.0,0.001952,0.0050415,0.0,0.0,0.00037884,0.0052206,8.450668812229708,0.0,0.0,0.0,0.0,2.824444199840802,29.675429926394003,128.3472775322773,139.4105248397932,267.7578023720705,0.024792389108525048,59.31762610212977,0.0022889842632337776,0.0006242066736038988,0.92897,1.599,1.7027847292476437,0.00031947180659860734,0.021619,0.037213,1.7213099588325087,0.0,0.11633,0.20024,1.7213100661910083,0.0,0.018865,0.032472,1.32728387492336,-0.0022889842632337776,1.1459,1.9724,1.7212671262762895,0.0,0.049395,0.085025,1.4252070133091956,-0.0015085990143788336,0.0039398,0.0067816,1.5703237160190804,0.0009262260918035894
C3,33,-8.0,0.58095,0.5118,3.7263,0.06713033786400001,26.9266,0.48509023844800003,48.509023844800005,0.5118,1.9538882375928095,6.8717,2.7068,0.92553,1419.0,0.004284,0.0,0.046136,0.0,-1.3736,-1.2602,-1.1081,-1.0032,-0.24183,-0.1287,0.0058438,-0.0089095,0.011234,0.0,0.0,0.0,0.0,0.0162755,0.0,0.0,0.00037884,0.0052206,27.281336953970964,0.0,0.0,0.0,0.0,2.478903311324226,22.391324194537205,130.82618084360152,161.80184903433042,292.6280298779319,0.027095187951660365,55.85597442312761,0.0022889842632337776,0.0010416485936058915,0.9065,1.7712,1.886161546243544,0.00010649060219559484,0.021619,0.042241,1.953883158332948,0.0,0.11633,0.2273,1.9539241812086305,0.0,0.018865,0.03686,1.5066421418352747,-0.0022889842632337776,1.1459,2.239,1.9539226808622043,0.0,0.038161,0.074562,1.2498239967816553,-0.0015085990143904647,0.0039398,0.007698,1.7825221136479417,0.0009262260918035894
C3,34,-9.0,0.5118,0.45945,2.8281,0.05094901336800001,29.7547,0.5360392518160001,53.60392518160001,0.45945,2.1765153988464467,6.8449,2.9642,0.91657,1412.0,0.0043005,0.0,0.04558,0.0,-1.2592,-1.1581,-0.99146,-0.89893,-0.14968,-0.053529,-0.002841,-0.016871,0.0078114,0.0,0.0,0.0,0.0,0.024086899999999998,0.0,0.0,0.00037884,0.0052206,40.374970666130274,0.0,0.0,0.0,0.0,2.210069582356392,16.994043408896403,133.03625042595792,178.79589244322682,311.83214286918474,0.02887334656196155,53.864239352144615,0.0022889842632337776,0.0016675435856082785,0.89088,1.939,2.0648527767424523,0.0004046642883763643,0.021619,0.047055,2.176557657615986,0.0,0.11633,0.2532,2.1765666638012546,0.0,0.018865,0.04106,1.678315961577764,-0.0022889842632337776,1.1459,2.4941,2.176542455711668,0.0,0.03035,0.066057,1.1072613899225585,-0.0008381105635580122,0.0039398,0.0085751,1.9856203399249759,0.0009262260918035894
C3,35,-10.0,0.45945,0.41836,2.2242,0.040069585776000005,31.9789,0.576108837592,57.61088375920001,0.41836,2.3902858781910314,6.8117,3.2146,0.90769,1411.0,0.0043165,0.0,0.045046,0.0,-1.1574,-1.0658,-0.88731,-0.80438,-0.074842,0.0,-0.010585,-0.023342,0.0056639,0.0,0.0,7.9564e-06,0.0,0.029750799999999997,0.0,0.0,0.00038679640000000004,0.0052206,49.86891950786147,0.0,0.0,0.0,0.0,2.006923767919628,13.365210335584802,135.04317419387755,192.16110277881162,327.2042769726892,0.030296692312286034,52.58848734020312,0.0024671980380252135,0.0016628655776150028,0.87955,2.1024,2.238858420744369,0.00017038496353186827,0.021619,0.051676,2.3903048244599656,0.0,0.11633,0.27806,2.390269062150778,0.0,0.018857,0.045074,1.8423870835888003,-0.0024671980380252135,1.1459,2.739,2.390260930273148,0.0,0.024686,0.059007,0.9890878004626369,-0.0010057326762603098,0.0039318,0.0093982,2.176214513962859,-8.336034824926822e-05
C3,36,-11.0,0.41836,0.3852,1.7984,0.032398679552,33.7773,0.608507517144,60.8507517144,0.3852,2.596053997923157,6.7473,3.4579,0.89888,1416.0,0.0043319,0.0,0.044513,0.0,-1.0653,-0.98139,-0.79291,-0.71763,-0.021651,0.0,-0.016841,-0.028863,0.0042383,0.0,0.0,4.8586e-05,0.0,0.033989099999999994,0.0,0.0,0.00043538240000000003,0.0052206,56.97324751081161,0.0,0.0,0.0,0.0,1.847721374531182,10.806579564569601,136.89089556840872,202.96768234338123,339.85857791178995,0.031468386843684255,51.71404782537376,0.0041594114040610355,0.0018849820015829832,0.87107,2.2614,2.4081784782492943,-0.0001916830839733518,0.021619,0.056124,2.596049771034738,0.0,0.11633,0.302,2.5960629244390954,0.0,0.018808,0.048828,1.9958307786633969,-0.0041594114040610355,1.1459,2.9748,2.5960380486953487,0.0,0.020448,0.053083,0.8897884608937611,-0.000502866338141786,0.0038832,0.010081,2.3343213078312415,-0.0004075394803855456
C3,37,-12.0,0.3852,0.35785,1.4857,0.026765301496000003,35.263,0.6352728186400001,63.52728186400001,0.35785,2.794466955428252,6.6899,3.6944,0.89015,1411.0,0.0043477,0.0,0.043976,0.0,-0.9811,-0.9034,-0.70633,-0.63733,-0.022486,0.0,-0.022174,-0.032208,0.0032565,0.0,0.0,4.1157e-05,0.0,0.0372456,0.0,0.0,0.0004765394,0.0052206,62.431861611183734,0.0,0.0,0.0,0.0,1.7194068324447018,8.927566313990802,138.6103024008534,211.89524865737204,350.5055510582255,0.03245421769057643,51.08705541668668,0.0035176783159734455,0.002081890921602983,0.86456,2.416,2.572812949257228,0.00012778872263707837,0.021619,0.060414,2.7944863314676907,0.0,0.11633,0.32508,2.794464024757156,0.0,0.018767,0.052443,2.143592887798896,-0.0035176783159734455,1.1459,3.2022,2.794484684527446,0.0,0.017192,0.048041,0.8052733916658286,0.00033524422540459506,0.003842,0.010736,2.4859908303616916,-0.0014032325290568304
C3,38,-13.0,0.35785,0.33489,1.2491,0.022502886248000002,36.5121,0.657775704888,65.7775704888,0.33489,2.9860551225775627,6.6381,3.9245,0.88151,1417.0,0.0043627,0.0,0.043441,0.0,-0.90329,-0.83081,-0.62618,-0.56242,-0.023177,0.0,-0.025322,-0.033428,0.0025561,0.0,0.0,3.4658e-05,0.0,0.039801699999999995,0.0,0.0,0.0005111974,0.0052206,66.71645043414127,0.0,0.0,0.0,0.0,1.613703783428572,7.505837708020401,140.224006184282,219.40108636539244,359.62509254967443,0.03329861968052541,50.623061072459635,0.004915593705306769,0.002419372929601754,0.85945,2.5664,2.7329748149725783,0.00036206804749339724,0.021619,0.064556,2.9860770618437487,0.0,0.11633,0.34737,2.9860740995443997,0.0,0.018732,0.055936,2.2863682812180666,-0.004915593705306769,1.1459,3.4218,2.986124443668732,0.0,0.014636,0.043704,0.7325756813838882,0.0005028663381185238,0.0038073,0.011369,2.6325661093873016,-0.002375769925425494
C3,39,-14.0,0.33489,0.31532,1.0661,0.019206090008000002,37.578199999999995,0.676981794896,67.6981794896,0.31532,3.1713814537612586,6.5909,4.1483,0.87294,1417.0,0.0043783,0.0,0.042877,4.4409e-16,-0.83088,-0.76278,-0.55145,-0.49211,-0.023873,0.0,-0.026397,-0.03264,0.0020416,0.0,0.0,2.8857e-05,0.0,0.04184329999999999,0.0,0.0,0.0005400544,0.0052206,70.13862348721041,0.0,0.0,0.0,0.0,1.525062980476882,6.406191322168401,141.74906916475888,225.80727768756086,367.55634685231973,0.03403299507891849,50.27165477049017,0.005500102186801106,0.0028083693775958736,0.85537,2.7127,2.88877056599755,0.0007028379745334881,0.021619,0.068563,3.171423285073315,0.0,0.11633,0.36893,3.1714089228917732,0.0,0.018703,0.059315,2.424483956672798,-0.005500102186801106,1.1459,3.6341,3.171393664368619,0.0,0.012594,0.039942,0.6695162425827215,-0.0001676221127255598,0.0037784,0.011983,2.774741814476914,-0.003371462974116863
C3,40,-15.0,0.31532,0.29843,0.92096,0.0165913522688,38.499159999999996,0.6935731471648,69.35731471648,0.29843,3.3508695506483934,6.5476,4.3661,0.86445,1413.0,0.0043928,0.0,0.0423,0.0,-0.76302,-0.69869,-0.4813,-0.42576,-0.024565,0.0,-0.025458,-0.029943,0.001655,0.0,0.0,2.3638e-05,0.0,0.04349829999999999,0.0,0.0,0.0005636924,0.0052206,72.91276945254616,0.0,0.0,0.0,0.0,1.44958404246173,5.5340455492582405,143.19865320722062,231.3413232368191,374.5399764440397,0.034679627448522196,50.00139868489165,0.006979767014092376,0.002758884657599847,0.85206,2.8551,3.040413183536553,0.000702837974545311,0.021619,0.072442,3.350848790415838,0.0,0.11633,0.38981,3.3508983065417346,0.0,0.018679,0.062592,2.5584304107909257,-0.006979767014092376,1.1459,3.8397,3.350815952526399,0.0,0.010939,0.036655,0.6144188541352374,-0.00016762211273719092,0.0037548,0.012582,2.9134441717223174,-0.002491548186898432
C3,41,-16.0,0.29843,0.2837,0.80397,0.0144837446616,39.303129999999996,0.7080568918264,70.80568918264,0.2837,3.5248501938667607,6.5076,4.5781,0.85604,1413.0,0.0044061,0.0,0.041736,0.0,-0.69907,-0.63802,-0.41511,-0.36288,-0.0252,0.0,-0.022595,-0.025455,0.0013592,0.0,0.0,1.8963e-05,0.0,0.04485749999999999,0.0,0.0,0.0005826554,0.0052206,75.19108920848836,0.0,0.0,0.0,0.0,1.384499628707024,4.831053031876681,144.58315283592765,236.17237626869579,380.7555291046234,0.035255141583761425,49.79139669528874,0.007131003474361377,0.002619719393603728,0.84934,2.9938,3.1881156487939935,0.0005324530110134427,0.021619,0.076203,3.5248161339562425,0.0,0.11633,0.41004,3.5248001375397577,0.0,0.01866,0.065773,2.688452891886368,-0.007131003474361377,1.1459,4.0391,3.524827646391483,0.0,0.0095798,0.033767,0.5660095879848469,-0.00016762211273719092,0.0037358,0.013168,3.049136294169407,-0.0033483073218142415
C3,42,-17.0,0.2837,0.27074,0.70836,0.012761303740800001,40.011489999999995,0.7208181955672,72.08181955671999,0.27074,3.6935805569919484,6.4705,4.7846,0.8477,1413.0,0.0044195,0.0,0.041146,4.4409e-16,-0.63853,-0.58034,-0.35241,-0.30306,-0.02583,0.0,-0.017959,-0.019274,0.0011284,0.0,0.0,1.4728e-05,0.0,0.04598589999999999,0.0,0.0,0.0005973834,0.0052206,77.08253712829794,0.0,0.0,0.0,0.0,1.32778456135248,4.256532862743841,145.91093739728012,240.42890913143964,386.33984652871976,0.0357722080119185,49.627226715288366,0.00824279583078516,0.003078535425586806,0.84708,3.1288,3.3318779617698735,0.00019168308396152895,0.021619,0.079853,3.6936491049539755,0.0,0.11633,0.42968,3.69363018997679,0.0,0.018645,0.068869,2.8150010218679746,-0.00824279583078516,1.1459,4.2325,3.693603281263636,0.0,0.0084514,0.031216,0.5232491870327534,-0.00016762211273719092,0.0037211,0.013744,3.1825128513870236,-0.0026999490575617714
C3,43,-18.0,0.27074,0.25923,0.62949,0.011340438607200002,40.64097999999999,0.7321586341744,73.21586341743999,0.25923,3.857578212398256,6.4359,4.9858,0.83945,1412.0,0.0044348,0.0,0.040531,0.0,-0.58101,-0.52531,-0.2928,-0.24598,-0.026391,0.0,-0.011685,-0.011515,0.00094572,0.0,0.0,1.0947e-05,0.0,0.046931619999999986,0.0,0.0,0.0006083303999999999,0.0052206,78.66777297261052,0.0,0.0,0.0,0.0,1.27792153477666,3.7826032974315607,147.18885893205677,244.2115124288712,391.400371360928,0.03624077512601185,49.498528644516824,0.00845943184141201,0.0031598067471911087,0.84519,3.2604,3.4720195942708054,0.0003450295511378458,0.021619,0.083397,3.857578981451501,0.0,0.11633,0.44875,3.857560388549815,0.0,0.018634,0.071882,2.9381565501737175,-0.00845943184141201,1.1459,4.4204,3.8575791953922685,0.0,0.0075057,0.028954,0.485333065137953,-0.00013409769020138385,0.0037102,0.014312,3.3140369564210626,-0.0016116333997201698
C3,44,-19.0,0.25923,0.24895,0.56283,0.010139540042400003,41.20380999999999,0.7422981742167999,74.22981742167998,0.24895,4.016870857601928,6.4034,5.182,0.83128,1411.0,0.0044458,0.0,0.039916,0.0,-0.52608,-0.47264,-0.2359,-0.19136,-0.026821,0.0,-0.0037965,-0.0022683,0.00079931,0.0,0.0,7.5454e-06,0.0,0.047730929999999984,0.0,0.0,0.0006158757999999999,0.0052206,80.0075932817057,0.0,0.0,0.0,0.0,1.233669012699846,3.382043581142521,148.4225279447566,247.5935560100137,396.01608395477035,0.03666815592173799,49.39814914731082,0.010317596566521467,0.0035136044439895288,0.84359,3.3886,3.6085405462967888,0.0001980725200904272,0.021619,0.086842,4.016929552708266,0.0,0.11633,0.46729,4.016934582652798,0.0,0.018626,0.074821,3.0582873492744738,-0.010317596566521467,1.1459,4.603,4.016929924077145,0.0,0.0067064,0.026939,0.4515572094270676,-0.00011733547892766477,0.0037027,0.014873,3.443940165794471,-0.0005603667855225937
C3,45,-20.0,0.24895,0.23969,0.50984,0.0091849103552,41.71364999999999,0.7514830845719999,75.14830845719999,0.23969,4.172055571780216,6.3751,5.372,0.82319,1410.0,0.0044593,0.0,0.039276,-4.4409e-16,-0.47353,-0.42189,-0.1815,-0.13878,-0.027349,-0.00414,0.0055287,0.0,0.00035035,0.0,0.0,0.0,0.00033957,0.04808127999999998,0.0,0.0,0.0006158757999999999,0.00556017,80.59485735358206,0.0,0.0,0.0,0.0,1.1941705106739258,3.0636268489769605,149.61669845543054,250.65718285899067,400.2738813144212,0.037062396418001964,49.31900288761723,0.0120752094829435,0.0035397830378978965,0.84289,3.5166,3.744848517118364,0.00027261594164153095,0.021619,0.090196,4.172070863592211,0.0,0.11633,0.48534,4.172096621679704,0.0,0.018286,0.076292,3.1184140609033313,-0.0120752094829435,1.1459,4.7808,4.172091805567677,0.0,0.0060165,0.025101,0.4207482651111334,-8.38110563918577e-05,0.0037027,0.015448,3.57708516648914,-0.0005603667855225937
C3,46,-21.0,0.23969,0.23131,0.46287,0.0083387326536,42.17651999999999,0.7598218172255998,75.98218172255999,0.23131,4.3232026285071985,6.3463,5.5567,0.81517,1411.0,0.0044692,0.0,0.038655,0.0,-0.42285,-0.37297,-0.12913,-0.08818,-0.031763,-0.014898,0.0079285,0.0,0.0001216,0.0,0.0,0.0,0.00047127,0.04820287999999998,0.0,0.0,0.0006158757999999999,0.00603144,80.79868584263633,0.0,0.0,0.0,0.0,1.158617744295186,2.7813842766082804,150.77531619972572,253.43856713559896,404.2138833353247,0.03742721141993747,49.257879375718026,0.010971592070298493,0.003301718647020556,0.84265,3.6429,3.879346147702465,0.0006133858686934447,0.021619,0.093462,4.323141680928813,0.0,0.11633,0.50291,4.323132467979025,0.0,0.017815,0.077016,3.1480073574494174,-0.010971592070298493,1.1459,4.9539,4.323152107513745,0.0,0.0054236,0.023447,0.3930235676690469,-0.00013409769020138385,0.0037027,0.016007,3.706525262816654,-0.0005603667855225937
C3,47,-22.0,0.23131,0.22369,0.42166,0.0075963229648,42.59817999999999,0.7674181401903999,76.74181401903999,0.22369,4.47047252894631,6.3172,5.7368,0.80724,1413.0,0.0044784,0.0,0.038025,0.0,-0.374,-0.32575,-0.078746,-0.039451,-0.042727,-0.029638,0.008072,0.0,4.0296e-06,0.0,0.0,0.0,0.00050638,0.04820690959999998,0.0,0.0,0.0006158757999999999,0.00653782,80.80544034329004,0.0,0.0,0.0,0.0,1.126464620920258,2.53375352490904,151.90178082064597,255.972320660508,407.87410148115396,0.03776612050751425,49.211920502875145,0.009418352748813873,0.002831124996593533,0.84264,3.7669,4.011394494435866,0.00040670890791869523,0.021619,0.096645,4.4703732827605345,0.0,0.11633,0.52004,4.470385970944726,0.0,0.017309,0.077376,3.162722256284488,-0.009418352748813873,1.1459,5.1226,4.470372632864997,0.0,0.0049132,0.021964,0.3681652083542861,-0.00011800596738745318,0.0037027,0.016552,3.832723567822906,-0.0005603667855225937
C3,48,-23.0,0.22369,0.20151,1.0643,0.019173662504000002,43.662479999999995,0.7865918026944,78.65918026944,0.20151,4.962532876780309,6.292,5.9409,0.79939,1411.0,0.0044874,0.0,0.037406,-0.038393,-0.32685,-0.28762,-0.030256,0.0,-0.057592,0.0,0.008225,0.0,0.0,0.0,0.082445,1.7764e-06,0.00091355,0.04820690959999998,0.0,0.082445,0.0006176522,0.00745137,80.80544034329004,8.779617698738086,7.1947813945370465,8.779617698738086,7.1947813945370465,1.0972443750394358,6.395375128209201,152.9990251956854,262.3676957887172,415.3667209844026,0.03845988157262987,48.89433304655474,0.008084201921128022,0.0025428991254125774,0.76019,3.7724,4.017251477557106,-0.00012574410309474748,0.021619,0.10728,4.962301679078588,0.0,0.11633,0.57728,4.9624344537092755,0.0,0.016394,0.081353,3.3252810136930306,-0.008084201921128022,1.0635,5.2774,4.605462954882626,0.00392704424470484,0.0039996,0.019848,0.3326963693050387,-0.0002018170237444175,0.0037009,0.018366,4.25276710044922,-0.0011068401796836987
C3,49,-24.0,0.20151,0.14327,2.6452,0.047654018656000004,46.30768,0.8342458213504,83.42458213504,0.14327,6.979828296223912,6.1833,6.2653,0.79161,1411.0,0.0044885,0.0,-0.001847,-0.23262,-0.2887,-0.28872,0.0090037,0.0,-0.028224,0.0,0.007932,0.0,0.0,0.0,0.29233,0.00017803,0.001675,0.04820690959999998,0.0,0.37477499999999997,0.0007956822,0.00912637,80.80544034329004,39.91001544113731,32.70573348459726,39.91001544113731,32.70573348459726,0.994184088372334,15.894997922708802,153.9932092840577,278.262693711426,432.25590299548367,0.04002369472180404,47.975900744719794,0.007961577764148558,0.003261244005405899,0.46786,3.2656,3.477557105585432,-0.00012574410309474748,0.021619,0.1509,6.9799713215227355,0.0,0.11633,0.81199,6.980056735150004,0.0,0.014541,0.1015,4.148783977110157,-0.007961577764148558,0.77117,5.3828,4.697443057858452,0.00392704424470484,0.0023246,0.016226,0.2719836400817996,-0.0002018170237327864,0.0035229,0.02459,5.693974899272913,-0.0004121706108460699
C3,50,-25.0,0.14327,0.11572,1.2566,0.022638000848000002,47.56428,0.8568838221984,85.68838221984,0.11572,8.641548565502937,6.1288,6.5566,0.78392,1411.0,0.004471,0.0,-0.19822,-0.39249,-0.28953,-0.28959,0.0090047,0.0,-0.031255,0.0,0.0050639,0.0,0.0,0.0,0.1358,8.8043e-05,0.00071036,0.04820690959999998,0.0,0.510575,0.0008837252,0.00983673,80.80544034329004,54.371439220488796,44.55668033859849,54.371439220488796,44.55668033859849,0.707019138326888,7.550905182850401,154.7002284223846,285.81359889427637,440.513827316661,0.04078831734413527,47.60075553706893,0.006314326589016552,0.003915800465572086,0.33206,2.8697,3.0559608114583887,-0.00012574410309474748,0.021619,0.18683,8.641935334659328,0.0,0.11633,1.0053,8.6417948938365,0.0,0.013743,0.11876,4.854281626813815,-0.006314326589016552,0.63537,5.4908,4.791692119731216,0.00392704424470484,0.0016142,0.01395,0.23383284722920647,-0.0002688658688160316,0.0034349,0.029684,6.873523827166212,0.0005835224378252149
